,index,co_code,company_name,co_stkdate,nse_closing_price,nse_returns
0,41393,11,20 MICRONS LTD.,2019-01-01,44.25,1.05
1,41394,11,20 MICRONS LTD.,2019-01-02,44.05,1.0
2,41395,11,20 MICRONS LTD.,2019-01-03,43.45,0.99
3,41396,11,20 MICRONS LTD.,2019-01-04,42.25,0.97
4,41397,11,20 MICRONS LTD.,2019-01-07,42.65,1.01
5,41398,11,20 MICRONS LTD.,2019-01-08,42.5,1.0
6,41399,11,20 MICRONS LTD.,2019-01-09,42.05,0.99
7,41400,11,20 MICRONS LTD.,2019-01-10,41.95,1.0
8,41401,11,20 MICRONS LTD.,2019-01-11,41.85,1.0
9,41402,11,20 MICRONS LTD.,2019-01-14,41.85,1.0
10,41403,11,20 MICRONS LTD.,2019-01-15,41.85,1.0
11,41404,11,20 MICRONS LTD.,2019-01-16,41.75,1.0
12,41405,11,20 MICRONS LTD.,2019-01-17,41.5,0.99
13,41406,11,20 MICRONS LTD.,2019-01-18,41.7,1.0
14,41407,11,20 MICRONS LTD.,2019-01-21,41.3,0.99
15,41408,11,20 MICRONS LTD.,2019-01-22,40.7,0.99
16,41409,11,20 MICRONS LTD.,2019-01-23,40.95,1.01
17,41410,11,20 MICRONS LTD.,2019-01-24,39.75,0.97
18,41411,11,20 MICRONS LTD.,2019-01-25,39.05,0.98
19,41412,11,20 MICRONS LTD.,2019-01-28,36.9,0.94
20,41413,11,20 MICRONS LTD.,2019-01-29,37.8,1.02
21,41414,11,20 MICRONS LTD.,2019-01-30,38.0,1.01
22,41415,11,20 MICRONS LTD.,2019-01-31,37.05,0.97
23,41416,11,20 MICRONS LTD.,2019-02-01,38.0,1.03
24,41417,11,20 MICRONS LTD.,2019-02-04,37.45,0.99
25,41418,11,20 MICRONS LTD.,2019-02-05,37.3,1.0
26,41419,11,20 MICRONS LTD.,2019-02-06,36.6,0.98
27,41420,11,20 MICRONS LTD.,2019-02-07,37.1,1.01
28,41421,11,20 MICRONS LTD.,2019-02-08,35.9,0.97
29,41422,11,20 MICRONS LTD.,2019-02-11,33.4,0.93
30,41423,11,20 MICRONS LTD.,2019-02-12,32.95,0.99
31,41424,11,20 MICRONS LTD.,2019-02-13,34.0,1.03
32,41425,11,20 MICRONS LTD.,2019-02-14,33.8,0.99
33,41426,11,20 MICRONS LTD.,2019-02-15,33.35,0.99
34,41427,11,20 MICRONS LTD.,2019-02-18,33.55,1.01
35,41428,11,20 MICRONS LTD.,2019-02-19,34.0,1.01
36,41429,11,20 MICRONS LTD.,2019-02-20,34.95,1.03
37,41430,11,20 MICRONS LTD.,2019-02-21,34.55,0.99
38,41431,11,20 MICRONS LTD.,2019-02-22,34.65,1.0
39,41432,11,20 MICRONS LTD.,2019-02-25,35.9,1.04
40,41433,11,20 MICRONS LTD.,2019-02-26,35.1,0.98
41,41434,11,20 MICRONS LTD.,2019-02-27,34.85,0.99
42,41435,11,20 MICRONS LTD.,2019-02-28,36.55,1.05
43,41436,11,20 MICRONS LTD.,2019-03-01,37.8,1.03
44,41437,11,20 MICRONS LTD.,2019-03-05,39.85,1.05
45,41438,11,20 MICRONS LTD.,2019-03-06,40.55,1.02
46,41439,11,20 MICRONS LTD.,2019-03-07,39.45,0.97
47,41440,11,20 MICRONS LTD.,2019-03-08,38.4,0.97
48,41441,11,20 MICRONS LTD.,2019-03-11,39.35,1.02
49,41442,11,20 MICRONS LTD.,2019-03-12,39.35,1.0
50,41443,11,20 MICRONS LTD.,2019-03-13,39.05,0.99
51,41444,11,20 MICRONS LTD.,2019-03-14,38.95,1.0
52,41445,11,20 MICRONS LTD.,2019-03-15,38.75,0.99
53,41446,11,20 MICRONS LTD.,2019-03-18,38.75,1.0
54,41447,11,20 MICRONS LTD.,2019-03-19,39.7,1.02
55,41448,11,20 MICRONS LTD.,2019-03-20,38.55,0.97
56,41449,11,20 MICRONS LTD.,2019-03-22,38.55,1.0
57,41450,11,20 MICRONS LTD.,2019-03-25,37.2,0.96
58,41451,11,20 MICRONS LTD.,2019-03-26,38.75,1.04
59,41452,11,20 MICRONS LTD.,2019-03-27,37.05,0.96
60,41453,11,20 MICRONS LTD.,2019-03-28,38.5,1.04
61,41454,11,20 MICRONS LTD.,2019-03-29,38.2,0.99
62,41455,11,20 MICRONS LTD.,2019-04-01,40.15,1.05
63,41456,11,20 MICRONS LTD.,2019-04-02,39.5,0.98
64,41457,11,20 MICRONS LTD.,2019-04-03,39.2,0.99
65,41458,11,20 MICRONS LTD.,2019-04-04,38.5,0.98
66,41459,11,20 MICRONS LTD.,2019-04-05,39.1,1.02
67,41460,11,20 MICRONS LTD.,2019-04-08,38.55,0.99
68,41461,11,20 MICRONS LTD.,2019-04-09,38.45,1.0
69,41462,11,20 MICRONS LTD.,2019-04-10,38.0,0.99
70,41463,11,20 MICRONS LTD.,2019-04-11,37.9,1.0
71,41464,11,20 MICRONS LTD.,2019-04-12,38.1,1.01
72,41465,11,20 MICRONS LTD.,2019-04-15,38.3,1.01
73,41466,11,20 MICRONS LTD.,2019-04-16,38.75,1.01
74,41467,11,20 MICRONS LTD.,2019-04-18,38.25,0.99
75,41468,11,20 MICRONS LTD.,2019-04-22,37.4,0.98
76,41469,11,20 MICRONS LTD.,2019-04-23,38.0,1.02
77,41470,11,20 MICRONS LTD.,2019-04-24,38.0,1.0
78,41471,11,20 MICRONS LTD.,2019-04-25,38.45,1.01
79,41472,11,20 MICRONS LTD.,2019-04-26,37.9,0.99
80,41473,11,20 MICRONS LTD.,2019-04-30,37.1,0.98
81,41474,11,20 MICRONS LTD.,2019-05-02,38.3,1.03
82,41475,11,20 MICRONS LTD.,2019-05-03,37.6,0.98
83,41476,11,20 MICRONS LTD.,2019-05-06,37.3,0.99
84,41477,11,20 MICRONS LTD.,2019-05-07,37.0,0.99
85,41478,11,20 MICRONS LTD.,2019-05-08,35.5,0.96
86,41479,11,20 MICRONS LTD.,2019-05-09,34.95,0.98
87,41480,11,20 MICRONS LTD.,2019-05-10,34.7,0.99
88,41481,11,20 MICRONS LTD.,2019-05-13,34.15,0.98
89,41482,11,20 MICRONS LTD.,2019-05-14,34.05,1.0
90,41483,11,20 MICRONS LTD.,2019-05-15,33.85,0.99
91,41484,11,20 MICRONS LTD.,2019-05-16,32.3,0.95
92,41485,11,20 MICRONS LTD.,2019-05-17,33.5,1.04
93,41486,11,20 MICRONS LTD.,2019-05-20,36.35,1.09
94,41487,11,20 MICRONS LTD.,2019-05-21,34.95,0.96
95,41488,11,20 MICRONS LTD.,2019-05-22,36.3,1.04
96,41489,11,20 MICRONS LTD.,2019-05-23,37.3,1.03
97,41490,11,20 MICRONS LTD.,2019-05-24,39.7,1.06
98,41491,11,20 MICRONS LTD.,2019-05-27,41.7,1.05
99,41492,11,20 MICRONS LTD.,2019-05-28,41.0,0.98
100,41493,11,20 MICRONS LTD.,2019-05-29,42.1,1.03
101,41494,11,20 MICRONS LTD.,2019-05-30,42.2,1.0
102,41495,11,20 MICRONS LTD.,2019-05-31,40.6,0.96
103,41496,11,20 MICRONS LTD.,2019-06-03,39.65,0.98
104,41497,11,20 MICRONS LTD.,2019-06-04,39.9,1.01
105,41498,11,20 MICRONS LTD.,2019-06-06,38.3,0.96
106,41499,11,20 MICRONS LTD.,2019-06-07,37.85,0.99
107,41500,11,20 MICRONS LTD.,2019-06-10,37.8,1.0
108,41501,11,20 MICRONS LTD.,2019-06-11,37.15,0.98
109,41502,11,20 MICRONS LTD.,2019-06-12,36.7,0.99
110,41503,11,20 MICRONS LTD.,2019-06-13,36.55,1.0
111,41504,11,20 MICRONS LTD.,2019-06-14,36.1,0.99
112,41505,11,20 MICRONS LTD.,2019-06-17,34.95,0.97
113,41506,11,20 MICRONS LTD.,2019-06-18,35.9,1.03
114,41507,11,20 MICRONS LTD.,2019-06-19,34.8,0.97
115,41508,11,20 MICRONS LTD.,2019-06-20,35.55,1.02
116,41509,11,20 MICRONS LTD.,2019-06-21,35.2,0.99
117,41510,11,20 MICRONS LTD.,2019-06-24,35.85,1.02
118,41511,11,20 MICRONS LTD.,2019-06-25,36.2,1.01
119,41512,11,20 MICRONS LTD.,2019-06-26,36.9,1.02
120,41513,11,20 MICRONS LTD.,2019-06-27,37.05,1.0
121,41514,11,20 MICRONS LTD.,2019-06-28,37.05,1.0
122,41515,11,20 MICRONS LTD.,2019-07-01,37.15,1.0
123,41516,11,20 MICRONS LTD.,2019-07-02,36.75,0.99
124,41517,11,20 MICRONS LTD.,2019-07-03,38.85,1.06
125,41518,11,20 MICRONS LTD.,2019-07-04,38.7,1.0
126,41519,11,20 MICRONS LTD.,2019-07-05,37.3,0.96
127,41520,11,20 MICRONS LTD.,2019-07-08,36.1,0.97
128,41521,11,20 MICRONS LTD.,2019-07-09,36.55,1.01
129,41522,11,20 MICRONS LTD.,2019-07-10,35.95,0.98
130,41523,11,20 MICRONS LTD.,2019-07-11,36.35,1.01
131,41524,11,20 MICRONS LTD.,2019-07-12,36.7,1.01
132,41525,11,20 MICRONS LTD.,2019-07-15,36.1,0.98
133,41526,11,20 MICRONS LTD.,2019-07-16,35.95,1.0
134,41527,11,20 MICRONS LTD.,2019-07-17,35.95,1.0
135,41528,11,20 MICRONS LTD.,2019-07-18,36.0,1.0
136,41529,11,20 MICRONS LTD.,2019-07-19,35.4,0.98
137,41530,11,20 MICRONS LTD.,2019-07-22,34.85,0.98
138,41531,11,20 MICRONS LTD.,2019-07-23,35.95,1.03
139,41532,11,20 MICRONS LTD.,2019-07-24,35.95,1.0
140,41533,11,20 MICRONS LTD.,2019-07-25,35.1,0.98
141,41534,11,20 MICRONS LTD.,2019-07-26,35.15,1.0
142,41535,11,20 MICRONS LTD.,2019-07-29,35.2,1.0
143,41536,11,20 MICRONS LTD.,2019-07-30,34.1,0.97
144,41537,11,20 MICRONS LTD.,2019-07-31,33.8,0.99
145,41538,11,20 MICRONS LTD.,2019-08-01,33.35,0.99
146,41539,11,20 MICRONS LTD.,2019-08-02,33.55,1.01
147,41540,11,20 MICRONS LTD.,2019-08-05,32.25,0.96
148,41541,11,20 MICRONS LTD.,2019-08-06,33.0,1.02
149,41542,11,20 MICRONS LTD.,2019-08-07,33.2,1.01
150,41543,11,20 MICRONS LTD.,2019-08-08,34.75,1.05
151,41544,11,20 MICRONS LTD.,2019-08-09,36.15,1.04
152,41545,11,20 MICRONS LTD.,2019-08-13,34.55,0.96
153,41546,11,20 MICRONS LTD.,2019-08-14,34.3,0.99
154,41547,11,20 MICRONS LTD.,2019-08-16,33.35,0.97
155,41548,11,20 MICRONS LTD.,2019-08-19,34.85,1.04
156,41549,11,20 MICRONS LTD.,2019-08-20,34.15,0.98
157,41550,11,20 MICRONS LTD.,2019-08-21,32.95,0.96
158,41551,11,20 MICRONS LTD.,2019-08-22,31.75,0.96
159,41552,11,20 MICRONS LTD.,2019-08-23,31.45,0.99
160,41553,11,20 MICRONS LTD.,2019-08-26,32.05,1.02
161,41554,11,20 MICRONS LTD.,2019-08-27,33.0,1.03
162,41555,11,20 MICRONS LTD.,2019-08-28,32.7,0.99
163,41556,11,20 MICRONS LTD.,2019-08-29,34.05,1.04
164,41557,11,20 MICRONS LTD.,2019-08-30,33.75,0.99
165,41558,11,20 MICRONS LTD.,2019-09-03,33.15,0.98
166,41559,11,20 MICRONS LTD.,2019-09-04,33.05,1.0
167,41560,11,20 MICRONS LTD.,2019-09-05,33.4,1.01
168,41561,11,20 MICRONS LTD.,2019-09-06,33.65,1.01
169,41562,11,20 MICRONS LTD.,2019-09-09,34.3,1.02
170,41563,11,20 MICRONS LTD.,2019-09-11,35.8,1.04
171,41564,11,20 MICRONS LTD.,2019-09-12,35.65,1.0
172,41565,11,20 MICRONS LTD.,2019-09-13,36.95,1.04
173,41566,11,20 MICRONS LTD.,2019-09-16,36.65,0.99
174,41567,11,20 MICRONS LTD.,2019-09-17,35.6,0.97
175,41568,11,20 MICRONS LTD.,2019-09-18,35.8,1.01
176,41569,11,20 MICRONS LTD.,2019-09-19,35.1,0.98
177,41570,11,20 MICRONS LTD.,2019-09-20,37.45,1.07
178,41571,11,20 MICRONS LTD.,2019-09-23,37.55,1.0
179,41572,11,20 MICRONS LTD.,2019-09-24,37.55,1.0
180,41573,11,20 MICRONS LTD.,2019-09-25,37.7,1.0
181,41574,11,20 MICRONS LTD.,2019-09-26,40.0,1.06
182,41575,11,20 MICRONS LTD.,2019-09-27,40.75,1.02
183,41576,11,20 MICRONS LTD.,2019-09-30,40.05,0.98
184,41577,11,20 MICRONS LTD.,2019-10-01,37.9,0.95
185,41578,11,20 MICRONS LTD.,2019-10-03,37.65,0.99
186,41579,11,20 MICRONS LTD.,2019-10-04,38.55,1.02
187,41580,11,20 MICRONS LTD.,2019-10-07,38.2,0.99
188,41581,11,20 MICRONS LTD.,2019-10-09,38.9,1.02
189,41582,11,20 MICRONS LTD.,2019-10-10,38.1,0.9794
190,41583,11,20 MICRONS LTD.,2019-10-11,38.25,1.0039
191,41584,11,20 MICRONS LTD.,2019-10-14,38.05,0.9948
192,41585,11,20 MICRONS LTD.,2019-10-15,38.05,1.0
193,41586,11,20 MICRONS LTD.,2019-10-16,37.85,0.9947
194,41587,11,20 MICRONS LTD.,2019-10-17,37.95,1.0026
195,41588,11,20 MICRONS LTD.,2019-10-18,38.15,1.0053
196,41589,11,20 MICRONS LTD.,2019-10-22,37.45,0.9817
197,41590,11,20 MICRONS LTD.,2019-10-23,37.05,0.9893
198,41591,11,20 MICRONS LTD.,2019-10-24,36.9,0.996
199,41592,11,20 MICRONS LTD.,2019-10-25,36.15,0.9797
200,41593,11,20 MICRONS LTD.,2019-10-27,37.0,1.0235
201,41594,11,20 MICRONS LTD.,2019-10-29,36.75,0.9932
202,41595,11,20 MICRONS LTD.,2019-10-30,37.6,1.0231
203,41596,11,20 MICRONS LTD.,2019-10-31,38.35,1.0199
204,41597,11,20 MICRONS LTD.,2019-11-01,37.7,0.9831
205,41598,11,20 MICRONS LTD.,2019-11-04,37.35,0.9907
206,41599,11,20 MICRONS LTD.,2019-11-05,39.0,1.0442
207,41600,11,20 MICRONS LTD.,2019-11-06,38.45,0.9859
208,41601,11,20 MICRONS LTD.,2019-11-07,39.05,1.0156
209,41602,11,20 MICRONS LTD.,2019-11-08,37.1,0.9501
210,41603,11,20 MICRONS LTD.,2019-11-11,36.65,0.9879
211,41604,11,20 MICRONS LTD.,2019-11-13,36.4,0.9932
212,41605,11,20 MICRONS LTD.,2019-11-14,35.9,0.9863
213,41606,11,20 MICRONS LTD.,2019-11-15,35.65,0.993
214,41607,11,20 MICRONS LTD.,2019-11-18,34.55,0.9691
215,41608,11,20 MICRONS LTD.,2019-11-19,34.05,0.9855
216,41609,11,20 MICRONS LTD.,2019-11-20,34.9,1.025
217,41610,11,20 MICRONS LTD.,2019-11-21,34.0,0.9742
218,41611,11,20 MICRONS LTD.,2019-11-22,33.1,0.9735
219,41612,11,20 MICRONS LTD.,2019-11-25,33.75,1.0196
220,41613,11,20 MICRONS LTD.,2019-11-26,33.8,1.0015
221,41614,11,20 MICRONS LTD.,2019-11-27,34.35,1.0163
222,41615,11,20 MICRONS LTD.,2019-11-28,34.1,0.9927
223,41616,11,20 MICRONS LTD.,2019-11-29,33.55,0.9839
224,41617,11,20 MICRONS LTD.,2019-12-02,33.5,0.9985
225,41618,11,20 MICRONS LTD.,2019-12-03,33.35,0.9955
226,41619,11,20 MICRONS LTD.,2019-12-04,32.9,0.9865
227,41620,11,20 MICRONS LTD.,2019-12-05,32.7,0.9939
228,41621,11,20 MICRONS LTD.,2019-12-06,32.55,0.9954
229,41622,11,20 MICRONS LTD.,2019-12-09,32.35,0.9939
230,41623,11,20 MICRONS LTD.,2019-12-10,32.1,0.9923
231,41624,11,20 MICRONS LTD.,2019-12-11,32.25,1.0047
232,41625,11,20 MICRONS LTD.,2019-12-12,32.1,0.9953
233,41626,11,20 MICRONS LTD.,2019-12-13,31.75,0.9891
234,41627,11,20 MICRONS LTD.,2019-12-16,32.0,1.0079
235,41628,11,20 MICRONS LTD.,2019-12-17,31.9,0.9969
236,41629,11,20 MICRONS LTD.,2019-12-18,31.9,1.0
237,41630,11,20 MICRONS LTD.,2019-12-19,32.3,1.0125
238,41631,11,20 MICRONS LTD.,2019-12-20,32.8,1.0155
239,41632,11,20 MICRONS LTD.,2019-12-23,32.25,0.9832
240,41633,11,20 MICRONS LTD.,2019-12-24,32.25,1.0
241,41634,11,20 MICRONS LTD.,2019-12-26,32.3,1.0016
242,41635,11,20 MICRONS LTD.,2019-12-27,32.45,1.0046
243,41636,11,20 MICRONS LTD.,2019-12-30,33.1,1.02
244,41637,11,20 MICRONS LTD.,2019-12-31,35.2,1.0634
245,41638,11,20 MICRONS LTD.,2020-01-01,35.8,1.017
246,41639,11,20 MICRONS LTD.,2020-01-02,35.55,0.993
247,41640,11,20 MICRONS LTD.,2020-01-03,35.05,0.9859
248,41641,11,20 MICRONS LTD.,2020-01-06,32.8,0.9358
249,41642,11,20 MICRONS LTD.,2020-01-07,33.2,1.0122
250,41643,11,20 MICRONS LTD.,2020-01-08,32.7,0.9849
251,41644,11,20 MICRONS LTD.,2020-01-09,33.4,1.0214
252,41645,11,20 MICRONS LTD.,2020-01-10,34.3,1.0269
253,41646,11,20 MICRONS LTD.,2020-01-13,35.9,1.0466
254,41647,11,20 MICRONS LTD.,2020-01-14,36.05,1.0042
255,41648,11,20 MICRONS LTD.,2020-01-15,36.05,1.0
256,41649,11,20 MICRONS LTD.,2020-01-16,35.55,0.9861
257,41650,11,20 MICRONS LTD.,2020-01-17,35.05,0.9859
258,41651,11,20 MICRONS LTD.,2020-01-20,34.35,0.98
259,41652,11,20 MICRONS LTD.,2020-01-21,34.25,0.9971
260,41653,11,20 MICRONS LTD.,2020-01-22,33.5,0.9781
261,41654,11,20 MICRONS LTD.,2020-01-23,33.7,1.006
262,41655,11,20 MICRONS LTD.,2020-01-24,36.5,1.0831
263,41656,11,20 MICRONS LTD.,2020-01-27,36.15,0.9904
264,41657,11,20 MICRONS LTD.,2020-01-28,36.0,0.9959
265,41658,11,20 MICRONS LTD.,2020-01-29,35.15,0.9764
266,41659,11,20 MICRONS LTD.,2020-01-30,34.7,0.9872
267,41660,11,20 MICRONS LTD.,2020-01-31,34.9,1.0058
268,41661,11,20 MICRONS LTD.,2020-02-01,33.75,0.967
269,41662,11,20 MICRONS LTD.,2020-02-03,34.45,1.0207
270,41663,11,20 MICRONS LTD.,2020-02-04,34.8,1.0102
271,41664,11,20 MICRONS LTD.,2020-02-05,34.9,1.0029
272,41665,11,20 MICRONS LTD.,2020-02-06,34.3,0.9828
273,41666,11,20 MICRONS LTD.,2020-02-07,34.15,0.9956
274,41667,11,20 MICRONS LTD.,2020-02-10,33.85,0.9912
275,41668,11,20 MICRONS LTD.,2020-02-11,34.05,1.0059
276,41669,11,20 MICRONS LTD.,2020-02-12,34.5,1.0132
277,41670,11,20 MICRONS LTD.,2020-02-13,35.35,1.0246
278,41671,11,20 MICRONS LTD.,2020-02-14,34.8,0.9844
279,41672,11,20 MICRONS LTD.,2020-02-17,33.5,0.9626
280,41673,11,20 MICRONS LTD.,2020-02-18,32.95,0.9836
281,41674,11,20 MICRONS LTD.,2020-02-19,32.9,0.9985
282,41675,11,20 MICRONS LTD.,2020-02-20,34.45,1.0471
283,41676,11,20 MICRONS LTD.,2020-02-24,33.85,0.9826
284,41677,11,20 MICRONS LTD.,2020-02-25,33.5,0.9897
285,41678,11,20 MICRONS LTD.,2020-02-26,33.5,1.0
286,41679,11,20 MICRONS LTD.,2020-02-27,32.8,0.9791
287,41680,11,20 MICRONS LTD.,2020-02-28,31.2,0.9512
288,41681,11,20 MICRONS LTD.,2020-03-02,31.15,0.9984
289,41682,11,20 MICRONS LTD.,2020-03-03,31.1,0.9984
290,41683,11,20 MICRONS LTD.,2020-03-04,30.25,0.9727
291,41684,11,20 MICRONS LTD.,2020-03-05,30.8,1.0182
292,41685,11,20 MICRONS LTD.,2020-03-06,29.65,0.9627
293,41686,11,20 MICRONS LTD.,2020-03-09,27.7,0.9342
294,41687,11,20 MICRONS LTD.,2020-03-11,26.85,0.9693
295,41688,11,20 MICRONS LTD.,2020-03-12,22.65,0.8436
296,41689,11,20 MICRONS LTD.,2020-03-13,24.15,1.0662
297,41690,11,20 MICRONS LTD.,2020-03-16,22.95,0.9503
298,41691,11,20 MICRONS LTD.,2020-03-17,24.55,1.0697
299,41692,11,20 MICRONS LTD.,2020-03-18,23.05,0.9389
300,41693,11,20 MICRONS LTD.,2020-03-19,22.25,0.9913
301,41694,11,20 MICRONS LTD.,2020-03-20,22.6,1.0157
302,41695,11,20 MICRONS LTD.,2020-03-23,19.9,0.8805
303,41696,11,20 MICRONS LTD.,2020-03-24,20.15,1.0126
304,41697,11,20 MICRONS LTD.,2020-03-25,20.0,0.9926
305,41698,11,20 MICRONS LTD.,2020-03-26,21.75,1.0875
306,41699,11,20 MICRONS LTD.,2020-03-27,23.15,1.0644
307,41700,11,20 MICRONS LTD.,2020-03-30,24.3,1.0497
308,41701,11,20 MICRONS LTD.,2020-03-31,25.55,1.0514
309,41702,11,20 MICRONS LTD.,2020-04-01,24.55,0.9609
310,41703,11,20 MICRONS LTD.,2020-04-03,24.45,0.9959
311,41704,11,20 MICRONS LTD.,2020-04-07,27.5,1.1247
312,41705,11,20 MICRONS LTD.,2020-04-08,26.2,0.9527
313,41706,11,20 MICRONS LTD.,2020-04-09,26.6,1.0153
314,41707,11,20 MICRONS LTD.,2020-04-13,26.2,0.985
315,41708,11,20 MICRONS LTD.,2020-04-15,27.85,1.063
316,41709,11,20 MICRONS LTD.,2020-04-16,26.8,0.9623
317,41710,11,20 MICRONS LTD.,2020-04-17,28.75,1.0728
318,41711,11,20 MICRONS LTD.,2020-04-20,33.15,1.153
319,41712,11,20 MICRONS LTD.,2020-04-21,30.2,0.911
320,41713,11,20 MICRONS LTD.,2020-04-22,29.65,0.9818
321,41714,11,20 MICRONS LTD.,2020-04-23,29.75,1.0034
322,41715,11,20 MICRONS LTD.,2020-04-24,28.2,0.9479
323,41716,11,20 MICRONS LTD.,2020-04-27,28.75,1.0195
324,41717,11,20 MICRONS LTD.,2020-04-28,29.05,1.0104
325,41718,11,20 MICRONS LTD.,2020-04-29,29.3,1.0086
326,41719,11,20 MICRONS LTD.,2020-04-30,29.05,0.9915
327,41720,11,20 MICRONS LTD.,2020-05-04,27.95,0.9621
328,41721,11,20 MICRONS LTD.,2020-05-05,27.45,0.9821
329,41722,11,20 MICRONS LTD.,2020-05-06,27.05,0.9854
330,41723,11,20 MICRONS LTD.,2020-05-07,27.4,1.0129
331,41724,11,20 MICRONS LTD.,2020-05-08,26.7,0.9745
332,41725,11,20 MICRONS LTD.,2020-05-11,26.8,1.0037
333,41726,11,20 MICRONS LTD.,2020-05-12,26.2,0.9776
334,41727,11,20 MICRONS LTD.,2020-05-13,26.2,1.0
335,41728,11,20 MICRONS LTD.,2020-05-14,25.8,0.9847
336,41729,11,20 MICRONS LTD.,2020-05-15,26.1,1.0116
337,41730,11,20 MICRONS LTD.,2020-05-18,25.15,0.9636
338,41731,11,20 MICRONS LTD.,2020-05-19,24.85,0.9881
339,41732,11,20 MICRONS LTD.,2020-05-20,24.9,1.002
340,41733,11,20 MICRONS LTD.,2020-05-21,25.55,1.0261
341,41734,11,20 MICRONS LTD.,2020-05-22,25.8,1.0098
342,41735,11,20 MICRONS LTD.,2020-05-26,25.45,0.9864
343,41736,11,20 MICRONS LTD.,2020-05-27,25.6,1.0059
344,41737,11,20 MICRONS LTD.,2020-05-28,26.1,1.0195
345,41738,11,20 MICRONS LTD.,2020-05-29,26.15,1.0019
346,41739,11,20 MICRONS LTD.,2020-06-01,26.9,1.0287
347,41740,11,20 MICRONS LTD.,2020-06-02,27.5,1.0223
348,41741,11,20 MICRONS LTD.,2020-06-03,28.85,1.0491
349,41742,11,20 MICRONS LTD.,2020-06-04,28.3,0.9809
350,41743,11,20 MICRONS LTD.,2020-06-05,29.5,1.0424
351,41744,11,20 MICRONS LTD.,2020-06-08,31.75,1.0763
352,41745,11,20 MICRONS LTD.,2020-06-09,29.4,0.926
353,41746,11,20 MICRONS LTD.,2020-06-10,29.15,0.9915
354,41747,11,20 MICRONS LTD.,2020-06-11,28.1,0.964
355,41748,11,20 MICRONS LTD.,2020-06-12,28.05,0.9982
356,41749,11,20 MICRONS LTD.,2020-06-15,30.15,1.0749
357,41750,11,20 MICRONS LTD.,2020-06-16,31.55,1.0464
358,41751,11,20 MICRONS LTD.,2020-06-17,30.15,0.9556
359,41752,11,20 MICRONS LTD.,2020-06-18,30.45,1.01
360,41753,11,20 MICRONS LTD.,2020-06-19,31.3,1.0279
361,41754,11,20 MICRONS LTD.,2020-06-22,33.05,1.0559
362,41755,11,20 MICRONS LTD.,2020-06-23,34.05,1.0303
363,41756,11,20 MICRONS LTD.,2020-06-24,32.25,0.9471
364,41757,11,20 MICRONS LTD.,2020-06-25,31.35,0.9721
365,41758,11,20 MICRONS LTD.,2020-06-26,32.3,1.0303
366,41759,11,20 MICRONS LTD.,2020-06-29,34.45,1.0666
367,41760,11,20 MICRONS LTD.,2020-06-30,32.4,0.9405
368,41761,11,20 MICRONS LTD.,2020-07-01,32.5,1.0031
369,41762,11,20 MICRONS LTD.,2020-07-02,32.5,1.0
370,41763,11,20 MICRONS LTD.,2020-07-03,32.25,0.9923
371,41764,11,20 MICRONS LTD.,2020-07-06,33.2,1.0295
372,41765,11,20 MICRONS LTD.,2020-07-07,32.2,0.9699
373,41766,11,20 MICRONS LTD.,2020-07-08,32.25,1.0016
374,41767,11,20 MICRONS LTD.,2020-07-09,32.0,0.9922
375,41768,11,20 MICRONS LTD.,2020-07-10,32.3,1.0094
376,41769,11,20 MICRONS LTD.,2020-07-13,33.45,1.0356
377,41770,11,20 MICRONS LTD.,2020-07-14,31.85,0.9522
378,41771,11,20 MICRONS LTD.,2020-07-15,31.8,0.9984
379,41772,11,20 MICRONS LTD.,2020-07-16,31.0,0.9748
380,41773,11,20 MICRONS LTD.,2020-07-17,31.35,1.0113
381,41774,11,20 MICRONS LTD.,2020-07-20,31.85,1.0159
382,41775,11,20 MICRONS LTD.,2020-07-21,31.1,0.9765
383,41776,11,20 MICRONS LTD.,2020-07-22,30.55,0.9823
384,41777,11,20 MICRONS LTD.,2020-07-23,30.55,1.0
385,41778,11,20 MICRONS LTD.,2020-07-24,31.25,1.0229
386,41779,11,20 MICRONS LTD.,2020-07-27,30.3,0.9696
387,41780,11,20 MICRONS LTD.,2020-07-28,30.35,1.0017
388,41781,11,20 MICRONS LTD.,2020-07-29,29.9,0.9852
389,41782,11,20 MICRONS LTD.,2020-07-30,29.15,0.9749
390,41783,11,20 MICRONS LTD.,2020-07-31,28.6,0.9811
391,41784,11,20 MICRONS LTD.,2020-08-03,29.0,1.014
392,41785,11,20 MICRONS LTD.,2020-08-04,30.1,1.0379
393,41786,11,20 MICRONS LTD.,2020-08-05,30.85,1.0249
394,41787,11,20 MICRONS LTD.,2020-08-06,31.25,1.013
395,41788,11,20 MICRONS LTD.,2020-08-07,30.95,0.9904
396,41789,11,20 MICRONS LTD.,2020-08-10,30.8,0.9952
397,41790,11,20 MICRONS LTD.,2020-08-11,32.55,1.0568
398,41791,11,20 MICRONS LTD.,2020-08-12,33.95,1.043
399,41792,11,20 MICRONS LTD.,2020-08-13,32.8,0.9661
400,41793,11,20 MICRONS LTD.,2020-08-14,30.85,0.9405
401,41794,11,20 MICRONS LTD.,2020-08-17,31.3,1.0146
402,41795,11,20 MICRONS LTD.,2020-08-18,31.4,1.0032
403,41796,11,20 MICRONS LTD.,2020-08-19,31.9,1.0159
404,41797,11,20 MICRONS LTD.,2020-08-20,31.75,0.9953
405,41798,11,20 MICRONS LTD.,2020-08-21,31.75,1.0
406,41799,11,20 MICRONS LTD.,2020-08-24,31.55,0.9937
407,41800,11,20 MICRONS LTD.,2020-08-25,31.25,0.9905
408,41801,11,20 MICRONS LTD.,2020-08-26,32.9,1.0528
409,41802,11,20 MICRONS LTD.,2020-08-27,33.25,1.0106
410,41803,11,20 MICRONS LTD.,2020-08-28,32.65,0.982
411,41804,11,20 MICRONS LTD.,2020-08-31,30.95,0.9479
412,41805,11,20 MICRONS LTD.,2020-09-01,30.35,0.9806
413,41806,11,20 MICRONS LTD.,2020-09-02,30.55,1.0066
414,41807,11,20 MICRONS LTD.,2020-09-03,31.05,1.0164
415,41808,11,20 MICRONS LTD.,2020-09-04,30.1,0.9694
416,41809,11,20 MICRONS LTD.,2020-09-07,29.6,0.9834
417,41810,11,20 MICRONS LTD.,2020-09-08,29.8,1.0068
418,41811,11,20 MICRONS LTD.,2020-09-09,29.35,0.9849
419,41812,11,20 MICRONS LTD.,2020-09-10,29.25,0.9966
420,41813,11,20 MICRONS LTD.,2020-09-11,29.3,1.0017
421,41814,11,20 MICRONS LTD.,2020-09-14,29.65,1.0119
422,41815,11,20 MICRONS LTD.,2020-09-15,29.3,0.9882
423,41816,11,20 MICRONS LTD.,2020-09-16,29.7,1.0137
424,41817,11,20 MICRONS LTD.,2020-09-17,29.35,0.9882
425,41818,11,20 MICRONS LTD.,2020-09-18,29.1,0.9915
426,41819,11,20 MICRONS LTD.,2020-09-21,28.25,0.9708
427,41820,11,20 MICRONS LTD.,2020-09-22,27.3,0.9664
428,41821,11,20 MICRONS LTD.,2020-09-23,26.6,0.9744
429,41822,11,20 MICRONS LTD.,2020-09-24,26.2,0.985
430,41823,11,20 MICRONS LTD.,2020-09-25,28.45,1.0859
431,41824,11,20 MICRONS LTD.,2020-09-28,29.1,1.0228
432,41825,11,20 MICRONS LTD.,2020-09-29,28.6,0.9828
433,41826,11,20 MICRONS LTD.,2020-09-30,28.25,0.9878
434,41827,11,20 MICRONS LTD.,2020-10-01,28.5,1.0088
435,41828,11,20 MICRONS LTD.,2020-10-05,28.1,0.986
436,41829,11,20 MICRONS LTD.,2020-10-06,28.1,1.0
437,41830,11,20 MICRONS LTD.,2020-10-07,28.2,1.0036
438,41831,11,20 MICRONS LTD.,2020-10-08,27.95,0.9911
439,41832,11,20 MICRONS LTD.,2020-10-09,27.6,0.9875
440,41833,11,20 MICRONS LTD.,2020-10-12,27.4,0.9928
441,41834,11,20 MICRONS LTD.,2020-10-13,27.05,0.9872
442,41835,11,20 MICRONS LTD.,2020-10-14,27.4,1.0129
443,41836,11,20 MICRONS LTD.,2020-10-15,27.6,1.0073
444,41837,11,20 MICRONS LTD.,2020-10-16,28.1,1.0181
445,41838,11,20 MICRONS LTD.,2020-10-19,27.75,0.9875
446,41839,11,20 MICRONS LTD.,2020-10-20,27.85,1.0036
447,41840,11,20 MICRONS LTD.,2020-10-21,28.0,1.0054
448,41841,11,20 MICRONS LTD.,2020-10-22,27.85,0.9946
449,41842,11,20 MICRONS LTD.,2020-10-23,27.95,1.0036
450,41843,11,20 MICRONS LTD.,2020-10-26,27.65,0.9893
451,41844,11,20 MICRONS LTD.,2020-10-27,27.45,0.9928
452,41845,11,20 MICRONS LTD.,2020-10-28,27.1,0.9872
453,41846,11,20 MICRONS LTD.,2020-10-29,27.35,1.0092
454,41847,11,20 MICRONS LTD.,2020-10-30,28.4,1.0384
455,41848,11,20 MICRONS LTD.,2020-11-02,27.95,0.9842
456,41849,11,20 MICRONS LTD.,2020-11-03,27.7,0.9911
457,41850,11,20 MICRONS LTD.,2020-11-04,28.0,1.0108
458,41851,11,20 MICRONS LTD.,2020-11-05,28.55,1.0196
459,41852,11,20 MICRONS LTD.,2020-11-06,29.9,1.0473
460,41853,11,20 MICRONS LTD.,2020-11-09,30.0,1.0033
461,41854,11,20 MICRONS LTD.,2020-11-10,30.15,1.005
462,41855,11,20 MICRONS LTD.,2020-11-11,31.25,1.0365
463,41856,11,20 MICRONS LTD.,2020-11-12,30.7,0.9824
464,41857,11,20 MICRONS LTD.,2020-11-13,30.85,1.0049
465,41858,11,20 MICRONS LTD.,2020-11-14,30.95,1.0032
466,41859,11,20 MICRONS LTD.,2020-11-17,31.25,1.0097
467,41860,11,20 MICRONS LTD.,2020-11-18,31.55,1.0096
468,41861,11,20 MICRONS LTD.,2020-11-19,32.6,1.0333
469,41862,11,20 MICRONS LTD.,2020-11-20,32.45,0.9954
470,41863,11,20 MICRONS LTD.,2020-11-23,31.7,0.9769
471,41864,11,20 MICRONS LTD.,2020-11-24,31.75,1.0016
472,41865,11,20 MICRONS LTD.,2020-11-25,32.15,1.0126
473,41866,11,20 MICRONS LTD.,2020-11-26,32.1,0.9984
474,41867,11,20 MICRONS LTD.,2020-11-27,32.1,1.0
475,41868,11,20 MICRONS LTD.,2020-12-01,32.95,1.0265
476,41869,11,20 MICRONS LTD.,2020-12-02,32.7,0.9924
477,41870,11,20 MICRONS LTD.,2020-12-03,32.8,1.0031
478,41871,11,20 MICRONS LTD.,2020-12-04,36.35,1.1082
479,41872,11,20 MICRONS LTD.,2020-12-07,35.05,0.9642
480,41873,11,20 MICRONS LTD.,2020-12-08,36.25,1.0342
481,41874,11,20 MICRONS LTD.,2020-12-09,36.0,0.9931
482,41875,11,20 MICRONS LTD.,2020-12-10,35.55,0.9875
483,41876,11,20 MICRONS LTD.,2020-12-11,35.95,1.0113
484,41877,11,20 MICRONS LTD.,2020-12-14,35.95,1.0
485,41878,11,20 MICRONS LTD.,2020-12-15,35.2,0.9791
486,41879,11,20 MICRONS LTD.,2020-12-16,36.8,1.0455
487,41880,11,20 MICRONS LTD.,2020-12-17,36.4,0.9891
488,41881,11,20 MICRONS LTD.,2020-12-18,39.65,1.0893
489,41882,11,20 MICRONS LTD.,2020-12-21,36.4,0.918
490,41883,11,20 MICRONS LTD.,2020-12-22,39.9,1.0962
491,41884,11,20 MICRONS LTD.,2020-12-23,40.15,1.0063
492,41885,11,20 MICRONS LTD.,2020-12-24,37.8,0.9415
493,41886,11,20 MICRONS LTD.,2020-12-28,40.0,1.0582
494,41887,11,20 MICRONS LTD.,2020-12-29,39.25,0.9812
495,41888,11,20 MICRONS LTD.,2020-12-30,40.45,1.0306
496,41889,11,20 MICRONS LTD.,2020-12-31,40.2,0.9938
497,41890,11,20 MICRONS LTD.,2021-01-01,40.05,0.9963
498,41891,11,20 MICRONS LTD.,2021-01-04,39.8,0.9938
499,41892,11,20 MICRONS LTD.,2021-01-05,40.95,1.0289
500,41893,11,20 MICRONS LTD.,2021-01-06,40.9,0.9988
501,41894,11,20 MICRONS LTD.,2021-01-07,40.75,0.9963
502,41895,11,20 MICRONS LTD.,2021-01-08,41.65,1.0221
503,41896,11,20 MICRONS LTD.,2021-01-11,39.85,0.9568
504,41897,11,20 MICRONS LTD.,2021-01-12,39.9,1.0013
505,41898,11,20 MICRONS LTD.,2021-01-13,39.0,0.9774
506,41899,11,20 MICRONS LTD.,2021-01-14,39.85,1.0218
507,41900,11,20 MICRONS LTD.,2021-01-15,38.55,0.9674
508,41901,11,20 MICRONS LTD.,2021-01-18,36.9,0.9572
509,41902,11,20 MICRONS LTD.,2021-01-19,37.65,1.0203
510,41903,11,20 MICRONS LTD.,2021-01-20,38.4,1.0199
511,41904,11,20 MICRONS LTD.,2021-01-21,37.55,0.9779
512,41905,11,20 MICRONS LTD.,2021-01-22,37.55,1.0
513,41906,11,20 MICRONS LTD.,2021-01-25,36.85,0.9814
514,41907,11,20 MICRONS LTD.,2021-01-27,37.4,1.0149
515,41908,11,20 MICRONS LTD.,2021-01-28,37.1,0.992
516,41909,11,20 MICRONS LTD.,2021-01-29,36.65,0.9879
517,41910,11,20 MICRONS LTD.,2021-02-01,37.55,1.0246
518,41911,11,20 MICRONS LTD.,2021-02-02,37.5,0.9987
519,41912,11,20 MICRONS LTD.,2021-02-03,37.4,0.9973
520,41913,11,20 MICRONS LTD.,2021-02-04,37.85,1.012
521,41914,11,20 MICRONS LTD.,2021-02-05,36.85,0.9736
522,41915,11,20 MICRONS LTD.,2021-02-08,36.7,0.9959
523,41916,11,20 MICRONS LTD.,2021-02-09,37.1,1.0109
524,41917,11,20 MICRONS LTD.,2021-02-10,37.2,1.0027
525,41918,11,20 MICRONS LTD.,2021-02-11,38.95,1.047
526,41919,11,20 MICRONS LTD.,2021-02-12,38.25,0.982
527,41920,11,20 MICRONS LTD.,2021-02-15,37.1,0.9699
528,41921,11,20 MICRONS LTD.,2021-02-16,36.95,0.996
529,41922,11,20 MICRONS LTD.,2021-02-17,36.6,0.9905
530,41923,11,20 MICRONS LTD.,2021-02-18,36.65,1.0014
531,41924,11,20 MICRONS LTD.,2021-02-19,36.85,1.0055
532,41925,11,20 MICRONS LTD.,2021-02-22,36.2,0.9824
533,41926,11,20 MICRONS LTD.,2021-02-23,36.3,1.0028
534,41927,11,20 MICRONS LTD.,2021-02-24,36.5,1.0055
535,41928,11,20 MICRONS LTD.,2021-02-25,37.05,1.0151
536,41929,11,20 MICRONS LTD.,2021-02-26,36.45,0.9838
537,41930,11,20 MICRONS LTD.,2021-03-01,37.35,1.0247
538,41931,11,20 MICRONS LTD.,2021-03-02,36.95,0.9893
539,41932,11,20 MICRONS LTD.,2021-03-03,38.15,1.0325
540,41933,11,20 MICRONS LTD.,2021-03-04,38.25,1.0026
541,41934,11,20 MICRONS LTD.,2021-03-05,37.9,0.9908
542,41935,11,20 MICRONS LTD.,2021-03-08,37.5,0.9894
543,41936,11,20 MICRONS LTD.,2021-03-09,37.1,0.9893
544,41937,11,20 MICRONS LTD.,2021-03-10,38.55,1.0391
545,41938,11,20 MICRONS LTD.,2021-03-12,37.75,0.9792
546,41939,11,20 MICRONS LTD.,2021-03-15,37.5,0.9934
547,41940,11,20 MICRONS LTD.,2021-03-16,38.4,1.024
548,41941,11,20 MICRONS LTD.,2021-03-17,37.9,0.987
549,41942,11,20 MICRONS LTD.,2021-03-18,36.8,0.971
550,41943,11,20 MICRONS LTD.,2021-03-19,35.6,0.9674
551,41944,11,20 MICRONS LTD.,2021-03-22,36.05,1.0126
552,41945,11,20 MICRONS LTD.,2021-03-23,36.15,1.0028
553,41946,11,20 MICRONS LTD.,2021-03-24,35.2,0.9737
554,41947,11,20 MICRONS LTD.,2021-03-25,33.95,0.9645
555,41948,11,20 MICRONS LTD.,2021-03-26,34.5,1.0162
556,41949,11,20 MICRONS LTD.,2021-03-30,34.75,1.0072
557,41950,11,20 MICRONS LTD.,2021-03-31,35.15,1.0115
